mny_bin,MAE,RMSE,RelMAE_vsLattice,RelMAE_vsVanilla
OTM,1.6009844174741863,5.564312718987177,0.015261136551271853,0.0122376771031444
ATM,3.9480400097910358,8.615643780174015,0.01711613863371017,0.012776823944909274
ITM,9.911411224151779,20.766103393542053,0.02296386054947899,0.015515981249344755
deep_ITM,22.546696343294467,43.25592139772979,0.03244466125230745,0.020499323470940776
