T_bin,MAE,RMSE,RelMAE_vsLattice,RelMAE_vsVanilla
<3m,6.676430678450178,21.689821725095577,0.017688249882874235,0.012752287259387785
3-6m,7.913452883058126,19.869233004650976,0.019770216341305526,0.01411566255305406
6-12m,10.420178889790046,24.80087602527964,0.027290830723378273,0.018993749225357244
