bar_q,MAE,RMSE,RelMAE_vsLattice,RelMAE_vsVanilla
"(160.899, 268.167]",16.824295660574396,29.831889108285253,0.05148711638463935,0.03495211071582176
"(268.167, 536.333]",10.759483789797494,29.46298824217569,0.01637179609832674,0.013903382892690164
"(536.333, 1072.666]",2.960394361135818,16.66815765948986,0.003563783474137515,0.0033798118766074753
"(1072.666, 1608.999]",0.1325031153619933,0.6069863264703365,0.00041006933950999097,0.0004041134303831825
"(1608.999, 2145.332]",0.028767107178689133,0.0557069305891123,0.0003364385643954354,0.0003294498144559672
