bar_q,MAE,RMSE,RelMAE_vsLattice,RelMAE_vsVanilla
"(160.899, 268.167]",13.33971764233073,23.92531200157158,0.04107221213878269,0.027864316605295043
"(268.167, 536.333]",8.756376211523724,24.152645503455048,0.0131545132437017,0.011136752517598138
"(536.333, 1072.666]",2.2697230754562274,12.418471586115219,0.00273081675314146,0.0025917514797703244
"(1072.666, 1608.999]",0.1058727969796221,0.42892875411517517,0.00033950419466608893,0.00033598847125250664
"(1608.999, 2145.332]",0.026245324046766928,0.051214575757884434,0.00027650920510449543,0.00027318099059984275
