T_bin,MAE,RMSE,RelMAE_vsLattice,RelMAE_vsVanilla
<3m,5.269084313209802,17.574123237422764,0.014097707785551458,0.010196753210940171
3-6m,6.6161087437239825,16.56366195409278,0.016598078239381323,0.011856083218371793
6-12m,8.070824424968277,19.052815438811596,0.020970351305635175,0.014461281472955131
