mny_bin,MAE,RMSE,RelMAE_vsLattice,RelMAE_vsVanilla
OTM,1.2798909200422395,4.314891531437295,0.012283941604843973,0.009843191558307747
ATM,3.151850282429139,7.018854786737249,0.013581038172146382,0.010092298826022575
ITM,7.821973523595896,16.372887276139128,0.018028027427038074,0.0122475101030475
deep_ITM,17.99777159778032,34.84620528297598,0.02602785758627687,0.01636239684582352
