T,D,K,B,sigma,S0,r,q,PDE_OUT,PDE_IN,CJY_OUT,CJY_IN,CJY_time_s,MC_OUT,SE_OUT,MC_IN,SE_IN,Z_MC_vs_PDE,Steps_MC,Paths_MC
0.084931506849315,0.0198412698412698,5363.33,5095.1635,0.1475881366952974,5363.33,0.03,0.026049097710954594,91.0127254340434,1.6921332807267362,146.3087409759215,-53.60388226115137,1.234,93.189503735411,0.6194045093428487,-0.484645020640869,0.6194045093428487,3.514308127457811,86,50000
0.1698630136986301,0.0198412698412698,5363.33,5095.1635,0.1510687261209616,5363.33,0.03,0.017675245269574605,135.65277955068808,2.6736612802347395,216.55015151306335,-78.22371068214053,2.64,138.28479195569403,0.9281720989047166,0.041648875228787574,0.9281720989047166,2.8356943805053403,171,50000
