D_bin,mid,far,very_far
tiny,0.04873803797345859,0.0036879486550226745,
small,,,0.49965629147548213
med,,,0.49921171248661983
