{
  "generated": {
    "lattice_convergence": "exists",
    "runtime_benchmark": "ok",
    "mc_bb": "exists",
    "mc_mlmc": "exists",
    "cjy_filtered": "exists"
  },
  "ML": {
    "OOF_raw": {
      "rows": 3000,
      "MAE": 7.96886815644756,
      "RMSE": 22.23206264284545,
      "RelMAE_vsLattice": 0.021417632846563762,
      "RelMAE_vsVanilla": 0.015326077315813317,
      "Monotone_rate_Brel": 0.842,
      "Monotone_rate_Dfrac": 0.85,
      "Monotone_rate_Krel": 0.005,
      "Monotone_checks_Brel": 500,
      "Monotone_checks_Dfrac": 600,
      "Monotone_checks_Krel": 600
    },
    "OOF_mono": {
      "rows": 3000,
      "MAE": 7.921623282437132,
      "RMSE": 22.083741784100233,
      "RelMAE_vsLattice": 0.020609386707608066,
      "RelMAE_vsVanilla": 0.01465349657429672,
      "Monotone_rate_Brel": 0.0,
      "Monotone_rate_Dfrac": 0.0,
      "Monotone_rate_Krel": 0.0,
      "Monotone_checks_Brel": 500,
      "Monotone_checks_Dfrac": 600,
      "Monotone_checks_Krel": 600
    },
    "CV_preds": {
      "rows": 3000,
      "MAE": 6.306275448777966,
      "RMSE": 17.713443260720965,
      "RelMAE_vsLattice": 0.016440961279029855,
      "RelMAE_vsVanilla": 0.01167771777830182,
      "Monotone_rate_Brel": 0.0,
      "Monotone_rate_Dfrac": 0.0,
      "Monotone_rate_Krel": 0.0,
      "Monotone_checks_Brel": 500,
      "Monotone_checks_Dfrac": 600,
      "Monotone_checks_Krel": 600
    }
  },
  "Sweep_D": {
    "rows": 16,
    "MAE_bps": 17.474289514880503,
    "MaxAbs_bps": 30.231211018021398
  },
  "Slices": {
    "slice_B": {
      "rows": 16,
      "MAE_bps": 310.24549974295877,
      "MaxAbs_bps": 1205.3200130000264
    },
    "slice_K": {
      "rows": 16,
      "MAE_bps": 97.42644643337559,
      "MaxAbs_bps": 563.1608120938481
    }
  },
  "CJY": {
    "raw": {
      "rows": 120,
      "relerr_mean": 0.6609594625781978,
      "relerr_median": 0.5005699604660556,
      "relerr_p95": 0.9999999999425281
    },
    "filtered_bins_csv": "results/cjy_filtered_relerr_by_bins.csv"
  },
  "MC": {
    "mc_convergence": {
      "rows": 5
    },
    "mc_varred": {
      "rows": 5
    },
    "mc_bias_steps": {
      "rows": 20
    },
    "mc_bb_vs_noBB": {
      "rows": 8
    },
    "mc_mlmc_quick": {
      "rows": 1
    }
  },
  "LatticeConvergence": {
    "rows": 7
  },
  "Runtime": {
    "rows": 2
  },
  "OOD": {}
}