method,rps
Lattice(800),0.10073873569315711
ML(CV),2.4763857437531844
